<colors>
    <color name="Background">ff181818</color>
    <color name="FanartFade">ff181818</color>
    <color name="HomeBarBG">ff181818</color>
    <color name="HomeBarFG">ffa8287b</color>
    <color name="HomeBarTile">3e636363</color>
    <color name="HomeWidgetBG">ff181818</color>
    <color name="DialogBG">ff181818</color>
    <color name="HeaderHighlight">ffa8287b</color>
    <color name="Highlight">ffa8287b</color>
    <color name="Highlight2">ff7e88c9</color>
    <color name="Selected">fff0f0f0</color>
    <color name="MainLabel">ffa8287b</color>
    <color name="SubLabel">BFededed</color>
    <color name="HomeMainLabel">ffa8287b</color>
    <color name="HomeSubLabel">BFededed</color>
    <color name="LineLabel">9Fededed</color>
    <color name="SideArrow">5Fededed</color>
    <color name="PosterBorder">3e555555</color>
    <color name="ObjectBackground">3e555555</color>
    <color name="ListLabel">bfededed</color>
    <color name="Disabled">2fededed</color>
    <color name="ListBG">bf2a2a2a</color>
</colors>