<?xml version="1.0" encoding="UTF-8" standalone="yes"?>
<addon id="repository.yt.unofficial" name="YouTube (Unofficial)" version="2.0.0+matrix.1" provider-name="anxdpanic">
	<requires>
        <import addon="xbmc.python" version="3.0.0"/>
    </requires>
	<extension point="xbmc.addon.repository" name="YouTube (Unofficial)">
		<info compressed="false">http://panicked.xyz/repository/youtube/python3/unofficial/addons.xml</info>
		<checksum>http://panicked.xyz/repository/youtube/python3/unofficial/addons.xml.md5</checksum>
		<datadir zip="true">http://panicked.xyz/repository/youtube/python3/unofficial/zips</datadir>
	</extension>
	<extension point="xbmc.addon.metadata">
		<summary>Install the unofficial versions of the YouTube add-on.</summary>
		<description>Install unofficial versions of the YouTube add-on.</description>
		<disclaimer>This add-on is not supported or endorsed by Google/YouTube.</disclaimer>
		<platform>all</platform>
	</extension>
</addon>