<?xml version="1.0" encoding="UTF-8" standalone="yes"?>
<addon id="repository.lokirepo" name="[COLOR cyan]Loki[/COLOR]Repo" version="1.0.5" provider-name="[COLOR cyan]TheFantasticLoki[/COLOR]">
    <extension point="xbmc.addon.repository" name="[COLOR cyan]Loki[/COLOR]Repo">
        <dir>
            <info compressed="false">https://raw.githubusercontent.com/TheFantasticLoki/repository.lokirepo/master/repo/zips/addons.xml</info>
            <checksum>https://raw.githubusercontent.com/TheFantasticLoki/repository.lokirepo/master/repo/zips/addons.xml.md5</checksum>
            <datadir zip="true">https://raw.githubusercontent.com/TheFantasticLoki/repository.lokirepo/master/repo/zips/</datadir>
        </dir>
    </extension>
    <extension point="xbmc.addon.metadata">
        <summary>[COLOR cyan]Loki[/COLOR]Repo</summary>
        <description>Loki's Repo for LokiWizard.</description>
        <disclaimer></disclaimer>
        <platform>all</platform>
        <assets>
            <icon>icon.png</icon>
            <fanart>fanart.jpg</fanart>
        </assets>
        <source>https://raw.githubusercontent.com/TheFantasticLoki/repository.lokirepo/</source>
        <news>
            Release 1.0.5:
            - Added Eminent Skin for Matrix
            Release 1.0.4:
            - Updated LokiWizard to V2.1.1
            - Made my name cyan uwu
            - Added Icon and Fanart
            Release 1.0.3:
            - Added Common Repositories to Repo.
            - Restructured News Section.
            Release 1.0.2:
            - Fix Repo DataDir
            Release 1.0.1:
            - Added [COLOR cyan]Loki[/COLOR]Wizard to repository.
            Release 1.0.0:
            - Initial Repo Release.
        </news>
    </extension>
</addon>