<?xml version="1.0" encoding="UTF-8" standalone="yes"?>
<addon id="repository.tubed_development" name="Tubed Development Repository" version="1.0.0+matrix.1" provider-name="anxdpanic">
    <requires>
        <import addon="xbmc.python" version="3.0.0"/>
    </requires>
	<extension point="xbmc.addon.repository" name="Tubed Development Repository">
        <info compressed="false">http://panicked.xyz/repository/tubed/addons.xml</info>
        <checksum>http://panicked.xyz/repository/tubed/addons.xml.md5</checksum>
        <datadir zip="true">http://panicked.xyz/repository/tubed/zips/</datadir>
	</extension>
	<extension point="xbmc.addon.metadata">
		<summary>Repository for in-developement versions of the Tubed and Tubed API add-ons</summary>
		<description>Install in-developement versions of the Tubed and Tubed API add-ons for testing</description>
		<platform>all</platform>
        <assets>
			<icon>icon.png</icon>
        </assets>
	</extension>
</addon>