<?xml version="1.0" encoding="UTF-8" standalone="yes"?>
<addon id="repository.lokirepo" name="[COLOR cyan]Loki[/COLOR]Repo" version="1.0.0" provider-name="TheFantasticLoki">
    <extension point="xbmc.addon.repository" name="[COLOR cyan]Loki[/COLOR]Repo">
        <dir>
            <info compressed="false">https://raw.githubusercontent.com/TheFantasticLoki/repository.lokirepo/master/repo/zips/addons.xml</info>
            <checksum>https://raw.githubusercontent.com/TheFantasticLoki/repository.lokirepo/master/repo/zips/addons.xml.md5</checksum>
            <datadir zip="true">https://raw.githubusercontent.com/TheFantasticLoki/repository.lokirepo/master/repo/zips/</datadir>
        </dir>
    </extension>
    <extension point="xbmc.addon.metadata">
        <summary>[COLOR cyan]Loki[/COLOR]Repo</summary>
        <description>Loki's Repo for LokiWizard.</description>
        <disclaimer></disclaimer>
        <platform>all</platform>
        <assets>
            <icon>icon.png</icon>
            <fanart>fanart.jpg</fanart>
        </assets>
    </extension>
</addon>