<?xml version="1.0" encoding="UTF-8"?>
    <addon id="repository.gearheads2" name="Gearheads Repo" version="3.4" provider-name="Gearheads team">
        <requires>
            <import addon="xbmc.addon" version="12.0.0"/>
        </requires>
        <extension point="xbmc.addon.repository" name="Gearheads Repo">
            <info compressed="false">http://racingondemand.xyz/_repo/addons.xml</info>
            <checksum>http://racingondemand.xyz/_repo/addons.xml.md5</checksum>
            <datadir zip="true">http://racingondemand.xyz/_repo/</datadir>
            <hashes>false</hashes>
        </extension>
        <extension point="xbmc.addon.metadata">
            <summary>Start you're engines!!!!</summary>
            <description>Start you're engines</description>
            <platform>all</platform>
    </extension>
</addon>