<?xml version="1.0" encoding="UTF-8"?>
<window>
    <!-- startup -->
    <onload>Skin.Reset(HideSettings)</onload>
    <onload condition="String.IsEmpty(Skin.String(home.style))">Skin.SetString(home.style,$LOCALIZE[31180])</onload>
    <onload condition="String.IsEmpty(Skin.String(submenu.style))">Skin.SetString(submenu.style,Center)</onload>
    <onload condition="!Skin.HasSetting(SkinHelper.EnablePVRThumbs)">Skin.SetBool(SkinHelper.EnablePVRThumbs)</onload>
    <onload condition="!Skin.HasSetting(SkinHelper.EnableMusicArt)">Skin.SetBool(SkinHelper.EnableMusicArt)</onload>
    <!-- <onload condition="!Skin.HasSetting(SkinHelper.EnableExtraFanart)">Skin.SetBool(SkinHelper.EnableExtraFanart)</onload> -->
    <!-- <onload condition="!Skin.HasSetting(SkinHelper.EnableExtendedArt)">Skin.SetBool(SkinHelper.EnableExtendedArt)</onload> -->
    <onload>ReplaceWindow($INFO[System.StartupWindow])</onload>
    <onload condition="!String.IsEmpty(Skin.String(StartupPlaylist))">PlayMedia($ESCINFO[Skin.String(StartupPlaylist)])</onload>
</window>